"م","السنة","الرقم","العميل - مشمول التعاقد","مكرر","التصنيف"
"1","2024","1","هيئة قناة السويس","مكرر",""
"2","2024","2","نيوهافن للقُري السياحية والفنادق","","tourist_village"
"3","2024","3","نيفين رزق سُلطان تاودروس - مطبخ منزلي","","residential"
"4","2024","4","نادي مكرم رزق عبدالملاك","","sports_club"
"5","2024","5","ميشيل غالي - مركب عائم -","","hotel"
"6","2024","6","مي فتحي أحمد","",""
"7","2024","7","موج للصناعات المُتطورة","",""
"8","2024","8","مهندس - محمد حسن أحمد عبدالله","",""
"9","2024","9","معمل ألبان حمادة - أ - عبده","","factory"
"10","2024","10","مطعم فوزي الكبابجي","مكرر","restaurant"
"11","2024","11","مطعم فوزي - دار السلام - أسامه فوزي","","restaurant"
"12","2024","12","مطعم سلطاني - سمير الباشا","","restaurant"
"13","2024","13","مطعم جارتن - فرع مول ليك فيو م / محمد رفعت","","restaurant"
"14","2024","14","مطعم بيش ( تبع بابينيرو ) محمد شادي محمد محمد BES","","restaurant"
"15","2024","15","مطعم أُم عُمر للأكل البيتي - السويس","","restaurant"
"16","2024","16","مطعم العائلات - حلوان","","restaurant"
"17","2024","17","مطرانية مغاغة والعدوه","",""
"18","2024","18","مُصطفي عبدالسميع "" توريد مُعدات مطبخ لــ جامعة المنصورة","",""
"19","2024","19","مدرسة سان جوزيف - عيون مصر - مطرانية الأقباط الأرثوزكس بالجيزة","",""
"20","2024","20","مدرسة القديس يوسف بالعاصمة الإدارية","",""
"21","2024","21","محمد شريف محمد إسماعيل المسلماني - مؤسسة زواد لتنمية المُجتمع","",""
"22","2024","22","محمد إبراهيم عبداللطيف","",""
"23","2024","23","كنيسة الشهيد مارجرجس - ألماظة","",""
"24","2024","24","قرية ريف أوازيس - كونتيننتال","","tourist_village"
"25","2024","25","فيلا الحاج علاء بدوي "" مطبخ منزلي ""","","residential"
"26","2024","26","فيلا الحاج / بهاء بدوي "" رقم 41 بـ الساحل الشمالي","","residential"
"27","2024","27","فيلا الأستاذ - أحمد حُسام","","residential"
"28","2024","28","فندق ريكسوس - راداميس - شرم الشيخ","","hotel"
"29","2024","29","فندق تمرا بيتش ريزورت","","hotel"
"30","2024","30","فندق بريكا باي - مرسي علم","مكرر","hotel"
"31","2024","31","فندق إس تي ريجيس - الماسة سابقاً - العاصمة الإدارية","","hotel"
"32","2024","32","علي أبو سعدة - مطبخ منزلي","","residential"
"33","2024","33","علاء شوقي "" توريد مُعدات مطبخ فيلا بالعاشر من رمضان ""","","residential"
"34","2024","34","عبدالفتاح طاهر علي - الصومال","",""
"35","2024","35","شركة ياز للصناعة والتجارة "" مطعم ليتشي Lychee","","restaurant"
"36","2024","36","شركة ورلد للإستثمار والتنمية - مركب الدهبية السياحي","","hotel"
"37","2024","37","شركة هايد بارك العقارية للتطوير "" معدات مطبخ لـ كلوب هاوس سيشور هايد بارك ""","",""
"38","2024","38","شركة هاي لايت","",""
"39","2024","39","شركة نِكستب كونستركشن للبناء "" تجهيزات ستانلس ستيل إيجيبت فودز ""","",""
"40","2024","40","شركة مصر أوتسوكا للمُستحضرات الطبية","مكرر","factory"
"41","2024","41","شركة ماونتن فيو للتنمية والإستثمار العقاري - المطبخ التعليمي","",""
"42","2024","42","شركة ماكس تيلا للصناعات الغذائية","","factory"
"43","2024","43","شركة كونسيبت ""","",""
"44","2024","44","شركة كونتيننتال للإستثمارات السياحية - ريف أوازيس","","tourist_village"
"45","2024","45","شركة فرح للبترول - بتروفرح","",""
"46","2024","46","شركة فايف بيلدرز للمقاولات","",""
"47","2024","47","شركة شيخدوم للتجارة العامة والتوزيع","",""
"48","2024","48","شركة شي فوكس لإدارة الموتيلات والمُخيمات السياحية","",""
"49","2024","49","شركة سمارت روك - م - سيمون عاطف شكري واصف","",""
"50","2024","50","شركة سليم ترزي لإدارة وتشغيل المطاعم والكافيهات - سليم إسكندر","","restaurant"
"51","2024","51","شركة سكوير","",""
"52","2024","52","شركة سفيتزر إيجيبت SVITZER","",""
"53","2024","53","شركة سبكترم للهندسة "" تجهيز مطبخ منزلي كومباوند بيراميد هيلز ""","","residential"
"54","2024","54","شركة ديجيتال ماشين","",""
"55","2024","55","شركة خالدة للبترول","مكرر",""
"56","2024","56","شركة حورس للتنمية الزراعية والصناعية","",""
"57","2024","57","شركة حديد عز - مدينة السادات","","factory"
"58","2024","58","شركة جريتكس لإدارة العقارات","",""
"59","2024","59","شركة تنمية الريف المصري الجديد 76-2024 "" مُعدات مطبخ لصالح مقر الشركة بمنطقة الفرافرة ""","","corporate"
"60","2024","60","شركة تراست للأعمال الهندسية","",""
"61","2024","61","شركة برفكت باك للطباعة والتغليف","","factory"
"62","2024","62","شركة بانوراما جروب للمقاولات","",""
"63","2024","63","شركة آمون رع للإستثمار والتنمية - مركب عائم","","hotel"
"64","2024","64","شركة أكسيا","",""
"65","2024","65","شركة أراب - محمود زكريا","",""
"66","2024","66","شركة أجرولاند للتصنيع الزراعي","","factory"
"67","2024","67","شركة إيه جي إم للتجارة والتوريدات AGM","",""
"68","2024","68","شركة إيفا فارما للأدوية والمُستلزمات الطبية","مكرر","factory"
"69","2024","69","شركة إيدج للإنشاء والصناعة Edge industrial","",""
"70","2024","70","شركة إيجيبت فودز جروب","مكرر",""
"71","2024","71","شركة إعمار العقارية - مطعم بيش","","restaurant"
"72","2024","72","شركة الوادي للمقاولات العامة","مكرر",""
"73","2024","73","شركة النيل للفنادق والرحلات النيلية - مركب عائم","","hotel"
"74","2024","74","شركة المشروعات البترولية والإستشارات الفنية - بتروجيت","مكرر",""
"75","2024","75","شركة المحمدي لإدارة المطاعم والمشروعات السياحية","مكرر","restaurant"
"76","2024","76","شركة المحلاوي ستورز","",""
"77","2024","77","شركة المُتحدة للإنشاءات الحديثة","",""
"78","2024","78","شركة الفتح للصناعات الغذائية -أحمد محمد خليل بدوي","","factory"
"79","2024","79","شركة العلمين للبترول","",""
"80","2024","80","شركة العز لصناعة الصُلب المُسطح","","factory"
"81","2024","81","شركة العربي المُتحدة للإستثمار الصناعي والتجاري","مكرر",""
"82","2024","82","شركة العبد للإستثمار والتصنيع وتجارة الحلوي","","bakery"
"83","2024","83","شركة الضيافة الفريدة Chuck E Cheese","","restaurant"
"84","2024","84","شركة السلام شوبنج سنتر","","shopping_mall"
"85","2024","85","شركة السعيد لإدارة وتشغيل المطاعم - كُشري التحرير","مكرر","restaurant"
"86","2024","86","شركة الحلول المُتطورة "" توريد مُعدات مطبخ لـ مطعم بالإسكندرية ""","","restaurant"
"87","2024","87","شركة الحفر المصرية","مكرر",""
"88","2024","88","شركة البيت لإدارة المطاعم والمشروعات السياحية "" مطعم المحمدي","","restaurant"
"89","2024","89","شركة البُستان هايبر للتجارة - هايبر وان مدينة بدر","","supermarket"
"90","2024","90","شركة الإسكندرية للتطوير والتنمية السياحية","",""
"91","2024","91","سوبر ماركت جلهوم","","supermarket"
"92","2024","92","ريف أوازيس للمُنتجعات السياحية","","tourist_village"
"93","2024","93","رامي جلال - شركة تريو داي Trio Day","",""
"94","2024","94","دير السريان العامر بـ وادي النطرون","",""
"95","2024","95","دكتور / سامي مخيمر","",""
"96","2024","96","دكتور - نادر حُسين","",""
"97","2024","97","خالد ريزا - منزلي","","residential"
"98","2024","98","حديد عز"" شركة العز لصناعة الصلب المسطح - العين السُخنة","","factory"
"99","2024","99","حازم رمضان","",""
"100","2024","100","جمعية قُدامي العاملين المُحالين للمعاش بمصلحة الضرائب المصرية - قيمة مضافة ""","",""
"101","2024","101","جمعية الباقيات الصالحات "" توريد مُعدات مطابخ لـ مُستشفي الدُكتورة / عبلة الكحلاوي ""","","hospital"
"102","2024","102","ترسانة جنوب البحر الأحمر - سفاجا - تصنيع سفن "" توريد مُعدات مطابخ لـ قاطرات هيئة قناة السويس ""","",""
"103","2024","103","بنك الطعام المصري","",""
"104","2024","104","أوازيس للخدمات الغذائية - جرين فاسيلتي - مطعم قدرة","","restaurant"
"105","2024","105","أمير عبدالغفار","",""
"106","2024","106","إيجيبت فودز جروب","",""
"107","2024","107","الهيئة العامة للبترول","",""
"108","2024","108","المصرية للمنتجعات السياحية كنجز رانش - فندق هيلتون كينجز رانش الإسكندرية","","hotel"
"109","2024","109","اللواء - إسماعيل أحمد إسماعيل","",""
"110","2024","110","الشركة الوطنية للسياحة النيلية - مركب عائم","","hotel"
"111","2024","111","الشركة المصرية لأسواق شارع عبدالعزيز "" شركة فلامنجو ماركت ""","","supermarket"
"112","2024","112","الشركة المصرية لإصلاح وبناء السُفُن","",""
"113","2024","113","الشركة الحديثة لمُشتقات الغاز","",""
"114","2024","114","الدمشقي لإدارة المطاعم - أنس الدمشقي - م / أنس -","","restaurant"
"115","2024","115","الجامعة الحديثة - د - وليد دعبس","",""
"116","2024","116","الأستاذ / بلال يوسف","",""
"117","2024","117","الأستاذ - أحمد عِصام","",""
"118","2025","1","وزارة الدفاع - دولة جيبوتي - تصدير - شركة دمياط ستيل","",""
"119","2025","2","هيئة قناة السويس","مكرر",""
"120","2025","3","نيوهافن للقري السياحية - قرية نيوهافن - مرسي علم","","tourist_village"
"121","2025","4","نوران النجار","",""
"122","2025","5","مونارك للمعادن - منجم ذهب - مستقبل مصر MONARK","",""
"123","2025","6","مها يَمني","",""
"124","2025","7","مطعم عم طارق - محمد صلاح بكر","","restaurant"
"125","2025","8","مطعم شيخ المندي","مكرر","restaurant"
"126","2025","9","مطعم بيت الأكابر","","restaurant"
"127","2025","10","مصنع دلوج للحلويات - مطبخ المصنع - التجمع الخامس","","factory"
"128","2025","11","مصنع الزهراء للصناعات المعدنية - بني سويف","","factory"
"129","2025","12","مُسعد الجوهري","",""
"130","2025","13","مُستشفي دار الفؤاد","","hospital"
"131","2025","14","مُستشفي النيل الشروق - دكتورة نهلة ناجي","","hospital"
"132","2025","15","مستر إميل جرس ميخائيل","",""
"133","2025","16","مدرسة القديس يوسف - العاصمة الإدارية","",""
"134","2025","17","مدام - رانيا Pleinair","",""
"135","2025","18","مدام - داليا يوسف","",""
"136","2025","19","محلات رجب العطار - الحاج / عبدالفتاح","",""
"137","2025","20","كونتريد إيجيبت للإنشاءات والتجارة - الإتحاد المصري لكرة القدم","","sports_club"
"138","2025","21","كريب آدم - العاشر من رمضان","","restaurant"
"139","2025","22","كابيتال جروب بروبرتيز للتطوير العقاري "" أعمال س/ س كارفور البروج -إمكان مصر""","","supermarket"
"140","2025","23","فندق كونكورد مورين بيتش - مرسي علم","","hotel"
"141","2025","24","فندق سيجال - الغردقة - أشرف عوف","","hotel"
"142","2025","25","فندق ريكسوس بريميوم مجاويش","","hotel"
"143","2025","26","فندق رويال مكسيم بلس - كيمبنسكي كايرو","","hotel"
"144","2025","27","فندق جي دبليو ماريوت بالقاهرة","","hotel"
"145","2025","28","فندق تمرا بيتش","","hotel"
"146","2025","29","فندق بريكا باي - مرسي علم","مكرر","hotel"
"147","2025","30","فندق بارك ريجينسي - أعمال س/س تجهيز مطبخ فيلا م محمد الشرقاوي - التجمع الأول - رامو","","residential"
"148","2025","31","فنادق فيوتشر للإستثمار السياحي - مرسي علم "" توريد مُعدات مطابخ فندق بن سينا ""","","hotel"
"149","2025","32","علاء شوقي - العاشر من رمضان","",""
"150","2025","33","عبدالرحمن الصفتي -","",""
"151","2025","34","شريف السيد أحمد","",""
"152","2025","35","شركة هايبر وان للتجارة - فرع زايد","","supermarket"
"153","2025","36","شركة نيوهافن للقُري السياحية","","tourist_village"
"154","2025","37","شركة نرهادو إنترناشيونال للأدوية والمكملات الغذائية","","factory"
"155","2025","38","شركة موج للصناعات المُتطورة","",""
"156","2025","39","شركة ماونتين فيو - تجاليد ستانليس ستيل","",""
"157","2025","40","شركة مابسو للمُعدات البحرية","مكرر",""
"158","2025","41","شركة لافارج إيجيبت","","factory"
"159","2025","42","شركة قناة السويس للإستزراع المائي","",""
"160","2025","43","شركة شقير البحرية للزيت - أوسوكو","",""
"161","2025","44","شركة شرم دريمز أوتيل و شرم فيروز أوتيل","","hotel"
"162","2025","45","شركة شاي العروسة - فيلا 63 Lake View","","residential"
"163","2025","46","شركة سيسكو ترانس للوجستيات المُتطورة","",""
"164","2025","47","شركة سمارت لأنظمة التكييف","",""
"165","2025","48","شركة سفاجا للتنمية السياحية - فندق تمرا بيتش","","hotel"
"166","2025","49","شركة زيا ZIA للتصميم والتشييد - لــ فندق لونج بيتش الغردقة ""","","hotel"
"167","2025","50","شركة دايمنشن للمقاولات العامة","",""
"168","2025","51","شركة حسام نبيل للإستشارات الهندسية","",""
"169","2025","52","شركة جيت واي تكنولوجي","",""
"170","2025","53","شركة جولسان إيجيبت للصناعات غير المنسوجة","","factory"
"171","2025","54","شركة جو للتوريدات - عادل موسي","",""
"172","2025","55","شركة جلوبال كوزينس للأغذية والمشروبات - أمير عبدالغفار","",""
"173","2025","56","شركة جامعة باديا الدولية للتعليم "" قدرة "" توريد وتركيب مُعدات وتجهيزات مطبخ مطعم جامعة باديا طريق الواحات BU-000252","","restaurant"
"174","2025","57","شركة تنمية الريف المصري الجديد - غرب المنيا","",""
"175","2025","58","شركة بيبا لإنشاء المطاعم - سيف الملاح","",""
"176","2025","59","شركة بريد فاست Breadfast C Egypt #P199293","","bakery"
"177","2025","60","شركة برفكشن للإنشاءات","",""
"178","2025","61","شركة بترول بلاعيم - بتروبل","",""
"179","2025","62","شركة آمون رع للإستثمار والتنمية - مركب عائم - إكستنشن","","hotel"
"180","2025","63","شركة آفاق سيناء للتنمية السياحية - فندق ميركاتو بشرم الشيخ","","hotel"
"181","2025","64","شركة أوراسكوم للإنشاءات - توريد مُعدات مطابخ كافيتريا رأس الحكمة","","cafe"
"182","2025","65","شركة أوبراترز للأغذية والمشروبات - بيش كافيه "" BES","","cafe"
"183","2025","66","شركة أو تو زد للتوريدات الفندقية","",""
"184","2025","67","شركة أمل للبترول 98510 AMAPETCO","",""
"185","2025","68","شركة أمانة بلاست للصناعة والإدارة","","factory"
"186","2025","69","شركة أسمنت سينا "" توريد مُعدات مطبخ ومغسلة "" لـ مطبخ العاملين بالعريش ""","","factory"
"187","2025","70","شركة أجرو لاند للتصنيع الزراعي","","factory"
"188","2025","71","شركة إيقات لمناجم الذهب "" الثروات والموارد للتعدين - شلاتين","",""
"189","2025","72","شركة إيفا فارما للأدوية والمُستلزمات الطبية","مكرر","factory"
"190","2025","73","شركة إيجيبت فودز جروب","مكرر",""
"191","2025","74","شركة إمبريال للصناعات الغذائية","","factory"
"192","2025","75","شركة إلكتروستار للصناعات الهندسية","","factory"
"193","2025","76","شركة الوادي للمقاولات العامة","مكرر",""
"194","2025","77","شركة النصر للكيماويات الوسيطة","","factory"
"195","2025","78","شركة المعبد لإدارة الفنادق - فندق المعبد بالأقصر","","hotel"
"196","2025","79","شركة المشروعات البترولية والإستشارات الفنية - بتروجيت","مكرر",""
"197","2025","80","شركة المحمدي لإدارة المطاعم والمشروعات السياحية","مكرر","restaurant"
"198","2025","81","شركة المتحدة للإنشاءات الحديثة","",""
"199","2025","82","شركة القاهرة للتوريدات - محمد عوض الله","",""
"200","2025","83","شركة الفريدة للذهبيات - مركب عائم - ميشيل غالي","","hotel"
"201","2025","84","شركة العلمين للبترول - حقل شرق أبو سنان - حقل حورس","",""
"202","2025","85","شركة العز لصناعة الصلب المسطح - العين السخنة","","factory"
"203","2025","86","شركة العربي تويوإتشي لهندسة الزُجاج","",""
"204","2025","87","شركة العربي المُتحدة للإستثمار الصناعي والتجاري","مكرر",""
"205","2025","88","شركة السويس للزيت","",""
"206","2025","89","شركة السعيد لإدارة وتشغيل المطاعم - كُشري التحرير","مكرر","restaurant"
"207","2025","90","شركة السحار للسياحة والفنادق - فندق ميريتا","","hotel"
"208","2025","91","شركة الدمشقي لإدارة المطاعم - أنس الدمشقي","","restaurant"
"209","2025","92","شركة الحلول المتطورة","",""
"210","2025","93","شركة الحفر المصرية P25E23759","",""
"211","2025","94","شركة البيت لإدارة المطاعم والمشروعات السياحية - المحمدي","","restaurant"
"212","2025","95","شركة الأشغال الهندسية المُتقدمة المحدودة - المصرية السودانية للتنمية - بورسودان","",""
"213","2025","96","شركة الإسكندرية للتطوير والتنمية السياحية "" الخيمة المستديمة بمشروع SMED بالساحل الشمالي","",""
"214","2025","97","شركة K.C.G Textile","","factory"
"215","2025","98","دار ضيافة كنيسة قصر الدوبارة","","hotel"
"216","2025","99","حديد عز ezzsteel - مدينة السادات","","factory"
"217","2025","100","حديد عز - شركة العز لصناعة الصلب المُسطح","","factory"
"218","2025","101","حاتم بدوي","",""
"219","2025","102","جمعية مصدر خير","",""
"220","2025","103","جرين لاين للتعدين - دار السندس للأيتام المعاقين","",""
"221","2025","104","بيت الأم العذراء للعذاري المكرسات","",""
"222","2025","105","برايم جروب - الشيف محمد صلاح","",""
"223","2025","106","بدر الدين للبترول - بابيتكو","",""
"224","2025","107","أسامه فوزي حكيم عطية غبريال","",""
"225","2025","108","أبلفيوس للأغذية والمشروبات - هليوبلس 1910","","restaurant"
"226","2025","109","إيجيبت فودز جروب - مصنع السادات","","factory"
"227","2025","110","إدارة مُستشفيات جامعة عين شمس - الدمرداش - لجنة الزكاة","","hospital"
"228","2025","111","إدارة الدفاع المدني - العاشر من رمضان","",""
"229","2025","112","المهندس - حازم زايد","",""
"230","2025","113","الغرابلي للأعمال الهندسية المُتكاملة "" توريد مُعدات مطبخ وكافيتريات مصنع برج العرب ""","","cafe"
"231","2025","114","الشركة الهندسية للصناعات البترولية والكيماوية - مُعدات لـ نادي إنبي","","sports_club"
"232","2025","115","الشركة المصرية للخدمات الفنية وصيانة المُعدات - صيانكو","",""
"233","2025","116","الشركة العالمية للتنمية السياحية "" ريف أوازيس","","tourist_village"
"234","2025","117","الشركة العالمية للتنمية السياحية - بلو باي","",""
"235","2025","118","السحار للسياحة والفنادق - فندق ميريتا العاشر من رمضان","","hotel"
"236","2025","119","الحاج حاتم بدوي - فيلا 218 لوريانا 1 تجهيز مطبخ منزلي للدور الأرضي","","residential"
"237","2025","120","محمود دسوقي","",""
"238","2026","1","الجامعة الحديثة للتكنولوجيا والمعلومات","",""
"239","2026","2","الداعور جونيور للملابس الجاهزة - محمود أحمد إسماعيل الداعور","","factory"
"240","2026","3","الشركة البورسعيدية للأعمال الهندسية والإنشاءات البحرية - ترسانة بورسعيد","",""
"241","2026","4","الشركة الحديثة للحفر","",""
"242","2026","5","الشركة المتحدة للإنشاءات الحديثة - ريكسوس تيرانا سيتي شرم الشيخ","","hotel"
"243","2026","6","الشركة المصرية للصناعات المتطورة - السويدي","","factory"
"244","2026","7","الشركة المصرية للمُنتجات الورقية والصحية - زينه","","factory"
"245","2026","8","الشيخ - سعد الحُسين","",""
"246","2026","9","المركز الإسلامي العام - المُستشفي الإسلامي - الزيتون","","hospital"
"247","2026","10","المهندس / كرم علي "" شركة جرانة","",""
"248","2026","11","إبراهيم الصابر أحمد عبدالرحيم - شركة Aegyptus Inter Travel "" إيجيبتوس","",""
"249","2026","12","إيمان فتح الله - فيلا بمدينتي","","residential"
"250","2026","13","أسامه فوزي - مطعم - دار السلام","","restaurant"
"251","2026","14","أوبراترز للأغذية والمشروبات - بيش كافيه","","cafe"
"252","2026","15","ترسانة الإسكندرية - راس بناس N112","",""
"253","2026","16","ترسانة جنوب البحر الأحمر - عدد 10 مطابخ قاطرات جديدة طراز عزم","",""
"254","2026","17","جلوبال كويزينس للأغذية والمشروبات "" أمير عبدالغفار","",""
"255","2026","18","جمعية أحباب الرحمن بالشروق","",""
"256","2026","19","جمعية أصدقاء المرضي بالجبل الأخضر - بيت العيلة","",""
"257","2026","20","جمعية مصدر خير - الإسكندرية","",""
"258","2026","21","حديد عز مدينة السادات","","factory"
"259","2026","22","حسن جمال الطوخي","",""
"260","2026","23","دكتور محمد عادل - جمعيات خيرية","",""
"261","2026","24","راداميس للفنادق والمنتجعات السياحية "" ريكسوس ""","","hotel"
"262","2026","25","ريهام رأفت رزق","",""
"263","2026","26","سامح مصطفي محمد","",""
"264","2026","27","سلسلة مطاعم أبو صالح بدمياط الجديدة والقديمة","","restaurant"
"265","2026","28","سيد البلبوشي","",""
"266","2026","29","شركة الإسكندرية الوطنية للسيارات - مرسيدس","",""
"267","2026","30","شركة الباز لإدارة المطاعم والمشروبات الغذائية - مضغوط دجاج","","restaurant"
"268","2026","31","شركة التبارك للتشييد والأعمال الهندسية وإدارة المشروعات - مُستشفي العبور","","hospital"
"269","2026","32","شركة الحافظ لأدوات التجميل - الهضبة الوسطي","",""
"270","2026","33","شركة الحفر المصرية","مكرر",""
"271","2026","34","شركة الحمرا أويل -","",""
"272","2026","35","شركة السعيد لإدارة وتشغيل المطاعم - كشري التحرير","","restaurant"
"273","2026","36","شركة السويس للزيت ( SUCO )","",""
"274","2026","37","شركة العز لصناعة الصلب المسطح","","factory"
"275","2026","38","شركة القزاز للمطاعم السياحية "" أ / رضا بخاطره ""","","restaurant"
"276","2026","39","شركة المحمدي لإدارة المطاعم السياحية","","restaurant"
"277","2026","40","شركة الوادي للمقاولات العامة والتوريدات","",""
"278","2026","41","شركة إكو للإستشارات الهندسية وتنفيذ المشروعات والخدمات","",""
"279","2026","42","شركة إيجيبت فودز جروب","مكرر",""
"280","2026","43","شركة أجرو لاند للتصنيع الزراعي - هاني النجار","","factory"
"281","2026","44","شركة ألايد للإستثمار السياحي "" تجهيز مُعدات مطابخ فندق SOUL - مرسي علم ""","","hotel"
"282","2026","45","شركة آرما للصناعات الغذائية","","factory"
"283","2026","46","شركة بترول بلاعيم - بتروبل - مطبخ المقر الإداري الجديد بالعاصمة الإدارية 4500047965","","corporate"
"284","2026","47","شركة بيراميدز هيلز للسياحة والتنمية","",""
"285","2026","48","شركة ترسانة الإسكندرية","",""
"286","2026","49","شركة ترسانة جنوب البحر الأحمر","",""
"287","2026","50","شركة تنمية الريف المصري الجديد","",""
"288","2026","51","شركة تي إتش لإدارة الفنادق - فندق بلو لاجون","","hotel"
"289","2026","52","شركة جرين فاسيلتي - مطعم قدرة - سيف الدمرداش","","restaurant"
"290","2026","53","شركة حديد عز - السادات","","factory"
"291","2026","54","شركة خالدة للبترول","مكرر",""
"292","2026","55","شركة خيرالله للمقاولات والتوريدات العمومية "" ياسر خير الله ""","",""
"293","2026","56","شركة دلتا فارم للصناعات الدوائية - العاشر من رمضان","","factory"
"294","2026","57","شركة راداميس للفنادق والمنشآت السياحية","","hotel"
"295","2026","58","شركة ساينتفك هيلث لمعدات وأجهزة الغازات الطبية - المطبخ الرئيسي بالمركز الطبي التخصصي للإنتاج الحربي - حلوان","","hospital"
"296","2026","59","شركة صن رايز للتجارة والإستثمار","",""
"297","2026","60","شركة فيوتشر للإستثمار السياحي","",""
"298","2026","61","شركة كونتيننتال للإستثمارات السياحية والفندقية","",""
"299","2026","62","شركة كيمت للتجارة والصناعة","",""
"300","2026","63","شركة لينك مصر إنترناشيونال","",""
"301","2026","64","شركة مابسو للمُعدات البحرية","مكرر",""
"302","2026","65","شركة مصر أوتسوكا للمُستحضرات الطبية","مكرر","factory"
"303","2026","66","شركة موبسترو","",""
"304","2026","67","شركة موج للصناعات المتطورة","",""
"305","2026","68","شركة نانيدا للصناعات الغذائية","","factory"
"306","2026","69","شركة نيوهافن للقري السياحية","","tourist_village"
"307","2026","70","صن رايز للتجارة والإستثمار","",""
"308","2026","71","طارق نديم","",""
"309","2026","72","عمر نور الدين","",""
"310","2026","73","فندق تي إتش لإدارة الفنادق - بلوجون","","hotel"
"311","2026","74","فندق جي دبليو ماريوت","","hotel"
"312","2026","75","فندق ريكسوس راداميس شرم الشيخ","","hotel"
"313","2026","76","فندق كلوب ريف - شرم الشيخ","","hotel"
"314","2026","77","فندق موفينبيك - مدينة الإنتاج الإعلامي","","hotel"
"315","2026","78","فندق نوربوتيك - دهب - إيهاب حسن فريد محمد","","hotel"
"316","2026","79","فيلا الأستاذ / كريم الصيرفي","","residential"
"317","2026","80","فيلا الحاج / طارق بدوي","","residential"
"318","2026","81","فيلا المهندس - أيمن العيوطي - بالم هيلز - 6 أكتوبر","","residential"
"319","2026","82","كافيتريا نعمة ""","","cafe"
"320","2026","83","كشري مصراوي -","","restaurant"
"321","2026","84","محمد الشافعي","",""
"322","2026","85","محمد مطر - تجهيز مُعدات مطبخ كمبوند "" الساحل الشمالي ""","","residential"
"323","2026","86","محمود غلوش","",""
"324","2026","87","مستشفي الأورام - ميت غمر","","hospital"
"325","2026","88","مستشفي المجد التخصصي - شبين الكوم","","hospital"
"326","2026","89","مصطفي محمود نصر - المنيا","",""
"327","2026","90","مصنع الزهراء - بني سويف","","factory"
"328","2026","91","مطعم SOS","","restaurant"
"329","2026","92","مطعم أورينتو - الإسماعيلية","","restaurant"
"330","2026","93","مطعم بابا جه "" مطعم كشري "" مصطفي عادل - التجمع الخامس","","restaurant"
"331","2026","94","مطعم حمدي شلبي - المنصورة","","restaurant"
"332","2026","95","مطعم شيخ المندي","مكرر","restaurant"
"333","2026","96","مطعم فرحات","","restaurant"
"334","2026","97","مطعم فوزي الكبابجي","مكرر","restaurant"
"335","2026","98","مطعم وكافيه صاحب السعادة","","restaurant"
"336","2026","99","مهندس - محمود نور الدين","",""
"337","2026","100","مهندس - هيثم أبو عطا "" التجمع الخامس فيلا 6 كومباوند أرابيلا","","residential"
"338","2026","101","ميشيل غالي - مركب عائم","","hotel"
"339","2026","102","هليوبوليس 1910- مطعم بابينيرو","","restaurant"
"340","2026","103","هيئة قناة السويس","مكرر",""
"341","2026","104","وزارة الدفاع - جهاز مشروعات الخدمة الوطنية - شركة النصر للكيماويات الوسيطة - مُعدات مطبخ العين السخنة","","factory"
