الكود,اسم الصنف,الوحدة في قاعدة البيانات,الوحدة في الفواتير,المورد,آخر فاتورة
10106040,فريون 1ك R134,عدد,كيلو,الفاروق,2437
10801007,خشب شوايه فلندي 3/4 ×4,متر³,متر 2,اخشاب النعام,783
11301010,لوح 1.2 مم SST مط مغلف 1.25 × 2.5 م,عدد، كيلوجرام، طن,(فارغ),المصريه لتشكيل المعادن,
11301012,لوح 1.5 مم SST مط مغلف 1 × 2 م,عدد، كيلوجرام، طن,(فارغ),,
11301021,لوح 0.8 مم SST مصنفر مغلف 1.25 ×2 م,عدد، كيلوجرام، طن,(فارغ),المصريه لتشكيل المعادن,
11301026,لوح 1.25 مم SST مصنفر مغلف 1 × 2 م,عدد، كيلوجرام، طن,(فارغ),المصريه لتشكيل المعادن,
11301030,لوح 1.5 مم SST مصنفر مغلف 1.25 × 2.5 م,عدد، كيلوجرام، طن,(فارغ),المصريه لتشكيل المعادن,
11301049,لوح 2 مم SST مصنفر مغلف 1.25 × 2 م,عدد، كيلوجرام، طن,(فارغ),المصريه لتشكيل المعادن,
11407006,لوح صاج 2 مم اسود - مقاس 1×2م,عدد، كيلوجرام، طن,(فارغ),الاسراء,705
